{
  "image": "test_marker.png",
  "marker_points": [
    [
      482,
      640
    ],
    [
      358,
      537
    ],
    [
      1866,
      176
    ],
    [
      1746,
      75
    ]
  ],
  "ordered_marker_points": [
    [
      358.0,
      537.0
    ],
    [
      1746.0,
      75.0
    ],
    [
      1866.0,
      176.0
    ],
    [
      482.0,
      640.0
    ]
  ],
  "target_width": 1000,
  "target_height": 110,
  "perspective_matrix": [
    [
      0.5017703741607276,
      -0.6040730718051479,
      144.75344560982387
    ],
    [
      0.25116597425697545,
      0.7545852213607832,
      -495.12968265473785
    ],
    [
      -1.3815381951254737e-05,
      8.496146000295144e-06,
      1.0
    ]
  ]
}