{
  "image": "test1.jpg",
  "marker_color": "magenta",
  "marker_hsv_ranges": [
    [
      [
        140,
        80,
        80
      ],
      [
        170,
        255,
        255
      ]
    ]
  ],
  "marker_points": [
    [
      494,
      970
    ],
    [
      367,
      863
    ],
    [
      1886,
      504
    ],
    [
      1760,
      397
    ]
  ],
  "ordered_marker_points": [
    [
      367.0,
      863.0
    ],
    [
      1760.0,
      397.0
    ],
    [
      1886.0,
      504.0
    ],
    [
      494.0,
      970.0
    ]
  ],
  "target_width": 1000,
  "target_height": 113,
  "perspective_matrix": [
    [
      0.5108357013695678,
      -0.6063190100367771,
      335.7766032591072
    ],
    [
      0.24985364166624585,
      0.746880091933649,
      -736.2538058302514
    ],
    [
      -2.2969622738979236e-06,
      -2.0741102981962068e-06,
      1.0
    ]
  ]
}